emoji_name,count,emoji_url
10-4,-1,https://emoji.slack-edge.com/T0XNJNF35/10-4/8b8f57f3cb7368b1.png
1000,1,https://emoji.slack-edge.com/T0XNJNF35/1000/74a593821bff1adb.png
1000000,2,https://emoji.slack-edge.com/T0XNJNF35/1000000/792cd5d9127cfafd.png
101,7,https://emoji.slack-edge.com/T0XNJNF35/101/026de93ee21176b9.png
1nanimen,3,https://emoji.slack-edge.com/T0XNJNF35/1nanimen/520afce337ae4574.gif
1st-chakra,3,https://emoji.slack-edge.com/T0XNJNF35/1st-chakra/5810116714d6f63f.png
200iq,3,https://emoji.slack-edge.com/T0XNJNF35/200iq/ce0ac192602d6d86.gif
2nd-chakra,1,https://emoji.slack-edge.com/T0XNJNF35/2nd-chakra/8a0c6f52477f392c.png
3rd-chakra,1,https://emoji.slack-edge.com/T0XNJNF35/3rd-chakra/294170186e3f2efd.png
4head,-1,https://emoji.slack-edge.com/T0XNJNF35/4head/7be64bac407c23ef.png
4th-chakra,2,https://emoji.slack-edge.com/T0XNJNF35/4th-chakra/d1d6b313570b0926.png
50,1,https://emoji.slack-edge.com/T0XNJNF35/50/081b63bc708ca5e3.png
5head,8,https://emoji.slack-edge.com/T0XNJNF35/5head/93799342a49741bb.png
5th-chakra,1,https://emoji.slack-edge.com/T0XNJNF35/5th-chakra/97b97a959f84f714.png
6th-chakra,2,https://emoji.slack-edge.com/T0XNJNF35/6th-chakra/b96ce53333cd8db5.png
7th-chakra,1,https://emoji.slack-edge.com/T0XNJNF35/7th-chakra/bfb55cb3ba0ac7d1.png
8bitgopher,-1,https://emoji.slack-edge.com/T0XNJNF35/8bitgopher/f72767c16e2981a8.png
a-little,1,https://emoji.slack-edge.com/T0XNJNF35/a-little/b0ac4a7f99cd2f56.gif
abdulpls,1,https://emoji.slack-edge.com/T0XNJNF35/abdulpls/50eb74edd9f9c51c.gif
adblock,1,https://emoji.slack-edge.com/T0XNJNF35/adblock/c3e6b83431739ded.png
afk,-1,https://emoji.slack-edge.com/T0XNJNF35/afk/5244cdb546369723.png
agathawink,-1,https://emoji.slack-edge.com/T0XNJNF35/agathawink/8b8f57f3cb7368b1.png
aggressive-shush,-1,https://emoji.slack-edge.com/T0XNJNF35/aggressive-shush/aab0b6955828e9c2.png
agond,1,https://emoji.slack-edge.com/T0XNJNF35/agond/452d72d6e46273c6.gif
agontfconcern,14,https://emoji.slack-edge.com/T0XNJNF35/agontfconcern/5fb011684927484b.png
agontfhi,2,https://emoji.slack-edge.com/T0XNJNF35/agontfhi/6fdc5a0fd33ac292.png
agontflove,12,https://emoji.slack-edge.com/T0XNJNF35/agontflove/7b236bbab348bd40.png
agontfsure,3,https://emoji.slack-edge.com/T0XNJNF35/agontfsure/88f988160619f834.png
agontfw,1,https://emoji.slack-edge.com/T0XNJNF35/agontfw/88f988160619f834.png
aintnobodygottime,-1,https://emoji.slack-edge.com/T0XNJNF35/aintnobodygottime/aab0b6955828e9c2.gif
alien-wow,1,https://emoji.slack-edge.com/T0XNJNF35/alien-wow/fe4638cc4bb18c99.gif
alienpls,8,https://emoji.slack-edge.com/T0XNJNF35/alienpls/b5d7431ba7bc8d84.gif
alienpls2,-1,https://emoji.slack-edge.com/T0XNJNF35/alienpls2/f05f69d4d6d41f0c.gif
alligatorloki,2,https://emoji.slack-edge.com/T0XNJNF35/alligatorloki/731e9ef6b4788313.png
amazed,22,https://emoji.slack-edge.com/T0XNJNF35/amazed/891ca3ced4f6b1c1.gif
ambisnek,1,https://emoji.slack-edge.com/T0XNJNF35/ambisnek/dde5628d63aa07e5.png
amongus_red,1,https://emoji.slack-edge.com/T0XNJNF35/amongus_red/032b32f71ddae431.png
anakin,-1,https://emoji.slack-edge.com/T0XNJNF35/anakin/8ff2091d80edd54c.png
anatomical-heart,-1,https://emoji.slack-edge.com/T0XNJNF35/anatomical-heart/bb3149a60ad62888.png
angel-money-mouth-face,-1,https://emoji.slack-edge.com/T0XNJNF35/angel-money-mouth-face/8ff2091d80edd54c.png
angry-dna,2,https://emoji.slack-edge.com/T0XNJNF35/angry-dna/bf87a5531e4907e1.png
angry-party,1,https://emoji.slack-edge.com/T0XNJNF35/angry-party/bc37c55ff5a28414.png
angrysad,1,https://emoji.slack-edge.com/T0XNJNF35/angrysad/de9b806b5a0e01e4.png
angrytalkingonthephone,-1,https://emoji.slack-edge.com/T0XNJNF35/angrytalkingonthephone/bc37c55ff5a28414.png
anothaone,-1,https://emoji.slack-edge.com/T0XNJNF35/anothaone/c6c5981535f84d1e.png
ants-love,-1,https://emoji.slack-edge.com/T0XNJNF35/ants-love/63fd7265f5565d4b.jpg
antsheartpuzzlepieces,-1,https://emoji.slack-edge.com/T0XNJNF35/antsheartpuzzlepieces/cbf0597b0aa47b2a.jpg
arthur_fist_intensifies,1,https://emoji.slack-edge.com/T0XNJNF35/arthur_fist_intensifies/c6c5981535f84d1e.gif
awake,-1,https://emoji.slack-edge.com/T0XNJNF35/awake/b45f648e3966f97e.gif
awkward,-1,https://emoji.slack-edge.com/T0XNJNF35/awkward/e6af61f240cb493e.gif
ba-dum-tss,2,https://emoji.slack-edge.com/T0XNJNF35/ba-dum-tss/3b1cb764ebbb1ef0.gif
baby-yoda,-1,https://emoji.slack-edge.com/T0XNJNF35/baby-yoda/1d8717977137aaa5.png
baby-yoda-2,-1,https://emoji.slack-edge.com/T0XNJNF35/baby-yoda-2/0a4fba049fa048f9.gif
baby-yoda-hi,-1,https://emoji.slack-edge.com/T0XNJNF35/baby-yoda-hi/c6a44392ff5bd686.gif
babyrage,-1,https://emoji.slack-edge.com/T0XNJNF35/babyrage/cec0efbc42283bec.png
babyyodahype,3,https://emoji.slack-edge.com/T0XNJNF35/babyyodahype/d4d8a177e8733bfe.png
babyyodalove,4,https://emoji.slack-edge.com/T0XNJNF35/babyyodalove/a28ed78108b9485f.png
banned,5,https://emoji.slack-edge.com/T0XNJNF35/banned/134d0e8bd41fa70f.gif
based,-1,https://emoji.slack-edge.com/T0XNJNF35/based/7a5599f1783a3082.png
bat-cheese,-1,https://emoji.slack-edge.com/T0XNJNF35/bat-cheese/d3b0ceaeeaff0bab.gif
bender-neat,1,https://emoji.slack-edge.com/T0XNJNF35/bender-neat/578f54442803c1b2.gif
bernardo,5,https://emoji.slack-edge.com/T0XNJNF35/bernardo/f295443d64b6cff6.png
best-of-luck,1,https://emoji.slack-edge.com/T0XNJNF35/best-of-luck/53b5d7cf3470dfae.png
biblethump,-1,https://emoji.slack-edge.com/T0XNJNF35/biblethump/15dd80a290cec8b0.png
bidencarrey,-1,https://emoji.slack-edge.com/T0XNJNF35/bidencarrey/b605d7edf985c3fa.png
bidenjam,-1,https://emoji.slack-edge.com/T0XNJNF35/bidenjam/da782e1838ba0da2.gif
bidenshuffle,-1,https://emoji.slack-edge.com/T0XNJNF35/bidenshuffle/e8d20f00a07080e6.gif
bigbrother,-1,https://emoji.slack-edge.com/T0XNJNF35/bigbrother/2920343f4eccdaef.png
birds_arent_real,-1,https://emoji.slack-edge.com/T0XNJNF35/birds_arent_real/e6eb8ea0d725e339.png
bitcoin,-1,https://emoji.slack-edge.com/T0XNJNF35/bitcoin/352cbd8c061564e3.png
blob-cake,22,https://emoji.slack-edge.com/T0XNJNF35/blob-cake/6418c1fbe1cbaad4.gif
blob-camping,-1,https://emoji.slack-edge.com/T0XNJNF35/blob-camping/e6af61f240cb493e.gif
blob-dundundun,3,https://emoji.slack-edge.com/T0XNJNF35/blob-dundundun/f271bab662379857.gif
blob-fearful,1,https://emoji.slack-edge.com/T0XNJNF35/blob-fearful/5ae3aae2e701dde5.png
blob-finger-guns,19,https://emoji.slack-edge.com/T0XNJNF35/blob-finger-guns/9d0d780315d55349.png
blob-hairflip,6,https://emoji.slack-edge.com/T0XNJNF35/blob-hairflip/66ae4f23fce98c09.gif
blob-hypesquad,-1,https://emoji.slack-edge.com/T0XNJNF35/blob-hypesquad/7e7a7ffbd116b150.png
blob-jake,1,https://emoji.slack-edge.com/T0XNJNF35/blob-jake/93ad1d6c1508623a.png
blob-lul,17,https://emoji.slack-edge.com/T0XNJNF35/blob-lul/f40bea113ba2a2ff.png
blob-ono,5,https://emoji.slack-edge.com/T0XNJNF35/blob-ono/d460950e5a735656.png
blob-peek,-1,https://emoji.slack-edge.com/T0XNJNF35/blob-peek/ccd8926bdb2f32a1.png
blob-pusheen,-1,https://emoji.slack-edge.com/T0XNJNF35/blob-pusheen/0ea63cde397df6b4.png
blob-rick,-1,https://emoji.slack-edge.com/T0XNJNF35/blob-rick/2624ba91f8924944.png
blob-spam,-1,https://emoji.slack-edge.com/T0XNJNF35/blob-spam/bed0f8a4f17212b4.png
blob-thats-hot,-1,https://emoji.slack-edge.com/T0XNJNF35/blob-thats-hot/9593b1927fde9ec7.png
blob-thinking-cool,5,https://emoji.slack-edge.com/T0XNJNF35/blob-thinking-cool/e4d8f0f0e0578526.png
blob-yes,2,https://emoji.slack-edge.com/T0XNJNF35/blob-yes/d2a80d9f7aab32e2.png
blobaww,8,https://emoji.slack-edge.com/T0XNJNF35/blobaww/31d7f95f3d94eba6.png
blobawwcool,-1,https://emoji.slack-edge.com/T0XNJNF35/blobawwcool/8fa41b9dca0446b1.gif
blobcorn,1,https://emoji.slack-edge.com/T0XNJNF35/blobcorn/8fa41b9dca0446b1.png
blobdance,30,https://emoji.slack-edge.com/T0XNJNF35/blobdance/01c2559b315beee7.gif
blobfeedme,3,https://emoji.slack-edge.com/T0XNJNF35/blobfeedme/9593b1927fde9ec7.gif
blobseal,8,https://emoji.slack-edge.com/T0XNJNF35/blobseal/51d7d4a0e10208a3.png
blobsealw,2,https://emoji.slack-edge.com/T0XNJNF35/blobsealw/c3e2c86306d9dc82.png
blobseal_sunglasses,-1,https://emoji.slack-edge.com/T0XNJNF35/blobseal_sunglasses/5b91257a123eb0c6.png
blobthinkingglare,-1,https://emoji.slack-edge.com/T0XNJNF35/blobthinkingglare/6528f5fd66cb3e01.png
blobwaitwhat,-1,https://emoji.slack-edge.com/T0XNJNF35/blobwaitwhat/6528f5fd66cb3e01.png
blubwhy,1,https://emoji.slack-edge.com/T0XNJNF35/blubwhy/0e82b3fac33dd3b5.png
bluefire,1,https://emoji.slack-edge.com/T0XNJNF35/bluefire/3900283916491fad.gif
bluelightsaber,2,https://emoji.slack-edge.com/T0XNJNF35/bluelightsaber/80f34fc32b599bdd.png
blur-weary,-1,https://emoji.slack-edge.com/T0XNJNF35/blur-weary/b542bc7f36b6e287.png
bmo-excited,-1,https://emoji.slack-edge.com/T0XNJNF35/bmo-excited/9f568eed05d0d501.png
bmo-jam,-1,https://emoji.slack-edge.com/T0XNJNF35/bmo-jam/4c20b667706b7ab4.gif
bobaparrot,4,https://emoji.slack-edge.com/T0XNJNF35/bobaparrot/838965bcfd8e94c6.gif
bohm2,-1,https://emoji.slack-edge.com/T0XNJNF35/bohm2/c81ecd9d84f80b7a.png
bonezone,2,https://emoji.slack-edge.com/T0XNJNF35/bonezone/2509244c1dc8a683.gif
boomer,12,https://emoji.slack-edge.com/T0XNJNF35/boomer/9bd1ded258291155.png
boss-baby,-1,https://emoji.slack-edge.com/T0XNJNF35/boss-baby/0bacccb6a1f29eff.png
bowser-roar,-1,https://emoji.slack-edge.com/T0XNJNF35/bowser-roar/e942f15156ed26e7.png
bowser-sorry,1,https://emoji.slack-edge.com/T0XNJNF35/bowser-sorry/df30518ee00df62c.gif
broccoli-math,1,https://emoji.slack-edge.com/T0XNJNF35/broccoli-math/67bf035d1f6354bb.png
bruh,3,https://emoji.slack-edge.com/T0XNJNF35/bruh/c952d0612c3bb542.gif
bubble,-1,https://emoji.slack-edge.com/T0XNJNF35/bubble/c6d16393c1321776.png
buckle-up,-1,https://emoji.slack-edge.com/T0XNJNF35/buckle-up/2df3863c0584f245.png
buddha-2d,1,https://emoji.slack-edge.com/T0XNJNF35/buddha-2d/a03313b6d0f7eb55.png
buddhabro,2,https://emoji.slack-edge.com/T0XNJNF35/buddhabro/2d75aa24921a106f.png
buff-doge,-1,https://emoji.slack-edge.com/T0XNJNF35/buff-doge/2025991f8717329c.png
bunny-slippers,-1,https://emoji.slack-edge.com/T0XNJNF35/bunny-slippers/5244cdb546369723.png
business-yes,-1,https://emoji.slack-edge.com/T0XNJNF35/business-yes/53efabf014958a39.png
butwhy,-1,https://emoji.slack-edge.com/T0XNJNF35/butwhy/178375e013c34e49.gif
buzz-salute,2,https://emoji.slack-edge.com/T0XNJNF35/buzz-salute/0f83cb8d35275aa5.png
bye,1,https://emoji.slack-edge.com/T0XNJNF35/bye/73c125c1241ca698.gif
byron,-1,https://emoji.slack-edge.com/T0XNJNF35/byron/8882273e93e8a806.png
candy-cane-xmas,-1,https://emoji.slack-edge.com/T0XNJNF35/candy-cane-xmas/390dc3b45576a3cc.png
captfailfish,2,https://emoji.slack-edge.com/T0XNJNF35/captfailfish/e954e9e4e2137c60.png
care,26,https://emoji.slack-edge.com/T0XNJNF35/care/06fdbf2c15bdf2f5.png
carebear,2,https://emoji.slack-edge.com/T0XNJNF35/carebear/5e23e3533da74552.gif
carltondance,2,https://emoji.slack-edge.com/T0XNJNF35/carltondance/fc0a8f3ec0317641.gif
cat-cuddle,-1,https://emoji.slack-edge.com/T0XNJNF35/cat-cuddle/6b9aaeda90cf140d.png
cat-on-the-laptop,1,https://emoji.slack-edge.com/T0XNJNF35/cat-on-the-laptop/258b450bb599ea45.png
catbox,-1,https://emoji.slack-edge.com/T0XNJNF35/catbox/4a7b22014a7c27ef.png
catjam,7,https://emoji.slack-edge.com/T0XNJNF35/catjam/aff2fbb3b9b496a7.gif
celebrate,8,https://emoji.slack-edge.com/T0XNJNF35/celebrate/bb9c268ce8f4d644.gif
chad-yes,-1,https://emoji.slack-edge.com/T0XNJNF35/chad-yes/1983fed6e244f349.png
chadwalk,-1,https://emoji.slack-edge.com/T0XNJNF35/chadwalk/ed7d1711094a224e.png
champloo,-1,https://emoji.slack-edge.com/T0XNJNF35/champloo/674e0ab8d2f4a67d.png
cheers,2,https://emoji.slack-edge.com/T0XNJNF35/cheers/f57b7f040faeba85.gif
cheese-polarbear,-1,https://emoji.slack-edge.com/T0XNJNF35/cheese-polarbear/a5fdbd6323030582.gif
chef-brb,-1,https://emoji.slack-edge.com/T0XNJNF35/chef-brb/258b450bb599ea45.png
chef-finger,2,https://emoji.slack-edge.com/T0XNJNF35/chef-finger/258b450bb599ea45.png
chefs-kiss,1,https://emoji.slack-edge.com/T0XNJNF35/chefs-kiss/5c449649bbb7e3fc.gif
chefskiss,-1,https://emoji.slack-edge.com/T0XNJNF35/chefskiss/2df3863c0584f245.gif
chrishansen,-1,https://emoji.slack-edge.com/T0XNJNF35/chrishansen/0ef2a35f0ea74941.png
christ-on-a-bike,12,https://emoji.slack-edge.com/T0XNJNF35/christ-on-a-bike/dc2116505eec7ebe.png
cinnamonroll,-1,https://emoji.slack-edge.com/T0XNJNF35/cinnamonroll/957cc405efa2a8f4.png
claps,7,https://emoji.slack-edge.com/T0XNJNF35/claps/e7dd5ca93f6ce156.gif
clickbait,-1,https://emoji.slack-edge.com/T0XNJNF35/clickbait/a84290b29d30852f.gif
communist,-1,https://emoji.slack-edge.com/T0XNJNF35/communist/d76ceebb10848ad5.gif
commuting,-1,https://emoji.slack-edge.com/T0XNJNF35/commuting/5244cdb546369723.png
conference-call,-1,https://emoji.slack-edge.com/T0XNJNF35/conference-call/258b450bb599ea45.png
confettigif,4,https://emoji.slack-edge.com/T0XNJNF35/confettigif/2674aec32033d4cf.gif
confused-dog,3,https://emoji.slack-edge.com/T0XNJNF35/confused-dog/a90f6e6fa3b41ccf.gif
cool-dog,32,https://emoji.slack-edge.com/T0XNJNF35/cool-dog/a56243dc98247871.gif
coolblob,2,https://emoji.slack-edge.com/T0XNJNF35/coolblob/2674aec32033d4cf.gif
coolfingergun,2,https://emoji.slack-edge.com/T0XNJNF35/coolfingergun/aa2214663708b148.png
coolstorybob,1,https://emoji.slack-edge.com/T0XNJNF35/coolstorybob/10b23d520a956312.png
copium,4,https://emoji.slack-edge.com/T0XNJNF35/copium/dfed96e583ad7cfb.png
coronas,-1,https://emoji.slack-edge.com/T0XNJNF35/coronas/78c495793d0bfff7.png
crazy,-1,https://emoji.slack-edge.com/T0XNJNF35/crazy/3fd7644f08334f6a.gif
cthulu,-1,https://emoji.slack-edge.com/T0XNJNF35/cthulu/e17a8d5dd17c805e.png
curses,-1,https://emoji.slack-edge.com/T0XNJNF35/curses/68df91b3a9cfca20.gif
curtsy,9,https://emoji.slack-edge.com/T0XNJNF35/curtsy/b9c6bdca6ed57f93.gif
d20,-1,https://emoji.slack-edge.com/T0XNJNF35/d20/b440583c722ff49e.png
dance,95,https://emoji.slack-edge.com/T0XNJNF35/dance/e557be75e6de3777.gif
dancing-dog,9,https://emoji.slack-edge.com/T0XNJNF35/dancing-dog/1261250fb37b3b07.gif
deletethis,-1,https://emoji.slack-edge.com/T0XNJNF35/deletethis/2d4b86fbfa007b49.png
demello,-1,https://emoji.slack-edge.com/T0XNJNF35/demello/31ede334504a01c5.png
denethor,-1,https://emoji.slack-edge.com/T0XNJNF35/denethor/4de0fb0f9928cfb8.png
diabeetus,-1,https://emoji.slack-edge.com/T0XNJNF35/diabeetus/600717d53980c7ae.jpg
dinkdonk,-1,https://emoji.slack-edge.com/T0XNJNF35/dinkdonk/c53089bd77d4ed0b.gif
ditto-dance,-1,https://emoji.slack-edge.com/T0XNJNF35/ditto-dance/21a20410f7818ab9.gif
dna2,-1,https://emoji.slack-edge.com/T0XNJNF35/dna2/964fd1268f55ddf7.png
do-it,-1,https://emoji.slack-edge.com/T0XNJNF35/do-it/171152c77f6672e3.gif
doge,1,https://emoji.slack-edge.com/T0XNJNF35/doge/37b6d5883e9425cd.png
doge-fractal,1,https://emoji.slack-edge.com/T0XNJNF35/doge-fractal/ee45d1e343145445.gif
doggo-love,-1,https://emoji.slack-edge.com/T0XNJNF35/doggo-love/7832d73012ec337b.png
doit,-1,https://emoji.slack-edge.com/T0XNJNF35/doit/a84290b29d30852f.gif
done,-1,https://emoji.slack-edge.com/T0XNJNF35/done/2fccd72122a14925.png
doom,-1,https://emoji.slack-edge.com/T0XNJNF35/doom/9b34d795b6268a83.png
dope,-1,https://emoji.slack-edge.com/T0XNJNF35/dope/3099a8f3cd744dbf.gif
double-take,-1,https://emoji.slack-edge.com/T0XNJNF35/huh/63d4a4682107862f.gif
drake-no,-1,https://emoji.slack-edge.com/T0XNJNF35/drake-no/4d94cef2371a7504.png
drake-yes,-1,https://emoji.slack-edge.com/T0XNJNF35/drake-yes/09e2de182c0f27e4.png
drunkron,-1,https://emoji.slack-edge.com/T0XNJNF35/drunkron/9bd83d4eb2eb9632.png
dr_evil,-1,https://emoji.slack-edge.com/T0XNJNF35/dr_evil/c8b37b53aeb68aee.png
dude,-1,https://emoji.slack-edge.com/T0XNJNF35/dude/3061b1e295fdcae5.png
dumb,-1,https://emoji.slack-edge.com/T0XNJNF35/dumb/18d40e98092ca543.png
eli5,1,https://emoji.slack-edge.com/T0XNJNF35/eli5/5f25fa679f955408.png
elmo-no,1,https://emoji.slack-edge.com/T0XNJNF35/elmo-no/58969d84b06539ec.gif
elmo-nod,1,https://emoji.slack-edge.com/T0XNJNF35/elmo-nod/552a51903de164c3.gif
elon,-1,https://emoji.slack-edge.com/T0XNJNF35/elon/54a0a172068e606e.png
escalated,-1,https://emoji.slack-edge.com/T0XNJNF35/escalated/3099a8f3cd744dbf.png
etre-jam,-1,https://emoji.slack-edge.com/T0XNJNF35/etre-jam/edd4d6cc72837c01.gif
excellent-raccoon,2,https://emoji.slack-edge.com/T0XNJNF35/excellent-raccoon/600035c14c1f81d8.gif
excusemewhat,-1,https://emoji.slack-edge.com/T0XNJNF35/excusemewhat/72f5ff2f532b9fba.png
exploding_heart,-1,https://emoji.slack-edge.com/T0XNJNF35/exploding_heart/cf02a8530ae822b6.gif
eye-heart-money,2,https://emoji.slack-edge.com/T0XNJNF35/eye-heart-money/43baa79415cd7ad1.png
eyebrows,6,https://emoji.slack-edge.com/T0XNJNF35/eyebrows/376ea28f74fd2d0f.gif
ez,21,https://emoji.slack-edge.com/T0XNJNF35/ez/dd062f37977acf39.png
fatcat,6,https://emoji.slack-edge.com/T0XNJNF35/fatcat/dd062f37977acf39.png
feels-santa-man-xmas,2,https://emoji.slack-edge.com/T0XNJNF35/feels-santa-man-xmas/360db1b12db07f21.png
feels-xmas-man,1,https://emoji.slack-edge.com/T0XNJNF35/feels-xmas-man/89d266e947be99e3.png
feels-xmas-man-2,-1,https://emoji.slack-edge.com/T0XNJNF35/feels-xmas-man-2/ec198310bab032ad.png
feelsbad-hug,1,https://emoji.slack-edge.com/T0XNJNF35/feelsbad-hug/b8093af0ae9f9a28.png
feelsbadman,12,https://emoji.slack-edge.com/T0XNJNF35/feelsbadman/d943297286d1e894.png
feelsbirthdayman,6,https://emoji.slack-edge.com/T0XNJNF35/feelsbirthdayman/f0c9a33c18bcef45.png
feelsfatherman,-1,https://emoji.slack-edge.com/T0XNJNF35/feelsfatherman/35f477a364b83683.png
feelsgoodman,1,https://emoji.slack-edge.com/T0XNJNF35/feelsgoodman/641f7f28f88ec568.png
feelshighman,5,https://emoji.slack-edge.com/T0XNJNF35/feelshighman/b6fd70b52358df8f.gif
feelsrainman,2,https://emoji.slack-edge.com/T0XNJNF35/feelsrainman/82782ec4ad48e739.gif
feelsstrongman,1,https://emoji.slack-edge.com/T0XNJNF35/feelsstrongman/5093079348e03b0f.png
fingerquotes,6,https://emoji.slack-edge.com/T0XNJNF35/fingerquotes/c6fdef85429c8f2b.gif
finnfear,-1,https://emoji.slack-edge.com/T0XNJNF35/finnfear/96a9d5a8b456963d.gif
fireball,3,https://emoji.slack-edge.com/T0XNJNF35/fireball/487bb8417d953499.gif
fireflower,1,https://emoji.slack-edge.com/T0XNJNF35/fireflower/ebde15a64ae4d3d9.png
flooshed,1,https://emoji.slack-edge.com/T0XNJNF35/flooshed/0eabcb45a7afe971.png
fresh-shave,-1,https://emoji.slack-edge.com/T0XNJNF35/fresh-shave/cb010ef107da90cc.png
galaxy-brain,-1,https://emoji.slack-edge.com/T0XNJNF35/galaxy-brain/b226f15d80d58a54.jpg
galaxy-brain-2,2,https://emoji.slack-edge.com/T0XNJNF35/galaxy-brain-2/178b28dd02767b80.jpg
galaxy-brain-3,-1,https://emoji.slack-edge.com/T0XNJNF35/galaxy-brain-3/b77ec02306685021.png
gandalfpls,15,https://emoji.slack-edge.com/T0XNJNF35/gandalfpls/4ca7307e353b442b.gif
geek-wow,1,https://emoji.slack-edge.com/T0XNJNF35/geek-wow/f832cd9168972b98.gif
gentleblob,1,https://emoji.slack-edge.com/T0XNJNF35/gentleblob/526b4789a6b94249.png
gigachad,2,https://emoji.slack-edge.com/T0XNJNF35/gigachad/1d1d1ec60dbb8463.png
gm,-1,https://emoji.slack-edge.com/T0XNJNF35/gm/14d57c8c1c913377.png
goku,2,https://emoji.slack-edge.com/T0XNJNF35/goku/1bd0a9319d4bf9bc.gif
goon,4,https://emoji.slack-edge.com/T0XNJNF35/goon/4a6f2f5d0581472f.png
grandpa-abe-exit,1,https://emoji.slack-edge.com/T0XNJNF35/grandpa-abe-exit/64d151a828740b5a.gif
greatsuccess,1,https://emoji.slack-edge.com/T0XNJNF35/greatsuccess/6e2fd8e034739a6d.jpg
greenfire,1,https://emoji.slack-edge.com/T0XNJNF35/greenfire/958949e5456f897e.png
grilled-cheese,-1,https://emoji.slack-edge.com/T0XNJNF35/grilled-cheese/c178988b2bc754e3.gif
grimace-suffer,7,https://emoji.slack-edge.com/T0XNJNF35/grimace-suffer/b253c96ea4ad3ba5.png
grouch,1,https://emoji.slack-edge.com/T0XNJNF35/grouch/70c5b6f4d436233c.jpg
grumpycat,-1,https://emoji.slack-edge.com/T0XNJNF35/grumpycat/9db0b530a1f39fa3.png
gull-scream,-1,https://emoji.slack-edge.com/T0XNJNF35/gull-scream/2a17f987db936b38.gif
haha,-1,https://a.slack-edge.com/production-standard-emoji-assets/14.0/apple-large/1f602.png
haha-business,-1,https://emoji.slack-edge.com/T0XNJNF35/haha-business/9a97763d084e413d.png
haku-sway,-1,https://emoji.slack-edge.com/T0XNJNF35/haku-sway/79eb69107e8739d8.gif
haku-sway2,-1,https://emoji.slack-edge.com/T0XNJNF35/haku-sway2/1a9b6100530f4986.gif
hamster-wheel,2,https://emoji.slack-edge.com/T0XNJNF35/hamster-wheel/c0dfcfeed8457a5b.gif
happycry,4,https://emoji.slack-edge.com/T0XNJNF35/happycry/c6aae832a92bcece.png
hattip,14,https://emoji.slack-edge.com/T0XNJNF35/hattip/e3d78614674f1e55.png
hax,-1,https://emoji.slack-edge.com/T0XNJNF35/hax/a3fba6c141f5b88c.gif
head-bang,-1,https://emoji.slack-edge.com/T0XNJNF35/head-bang/225a3582bc262dfd.gif
heads-down,-1,https://emoji.slack-edge.com/T0XNJNF35/heads-down/ead4780f40a0ac6d.png
heart-on-fire,6,https://emoji.slack-edge.com/T0XNJNF35/heart-on-fire/58173253b9141961.png
heartache,-1,https://emoji.slack-edge.com/T0XNJNF35/heartache/777539cacabe718c.png
hedberg,1,https://emoji.slack-edge.com/T0XNJNF35/hedberg/7f1026d9a49941eb.png
here,-1,https://emoji.slack-edge.com/T0XNJNF35/here/258b450bb599ea45.png
hi,-1,https://emoji.slack-edge.com/T0XNJNF35/hi/0eabcb45a7afe971.gif
hipster,-1,https://emoji.slack-edge.com/T0XNJNF35/hipster/69fbaafdfb7b0053.gif
hmm,33,https://emoji.slack-edge.com/T0XNJNF35/hmm/6edc0a1b448d742e.png
homer-bush,-1,https://emoji.slack-edge.com/T0XNJNF35/homer-bush/8189fd57c900bcba.gif
homer-so-tasty,-1,https://emoji.slack-edge.com/T0XNJNF35/homer-so-tasty/5b4981bee820c8b6.gif
hopeful,-1,https://emoji.slack-edge.com/T0XNJNF35/hopeful/f66d7d7e68218ce2.png
horus,-1,https://emoji.slack-edge.com/T0XNJNF35/horus/3601f98231b950ab.png
hot-desking,-1,https://emoji.slack-edge.com/T0XNJNF35/hot-desking/5244cdb546369723.png
hot-take,-1,https://emoji.slack-edge.com/T0XNJNF35/hot-take/2b30cc72443f60f6.gif
huh,2,https://emoji.slack-edge.com/T0XNJNF35/huh/63d4a4682107862f.gif
hyped,13,https://emoji.slack-edge.com/T0XNJNF35/hyped/d9679c1b64265609.gif
hyperclap,1,https://emoji.slack-edge.com/T0XNJNF35/hyperclap/487c954c744b896d.gif
i-did-a-thing,-1,https://emoji.slack-edge.com/T0XNJNF35/i-did-a-thing/abf13e92229bd357.jpg
icanrelate,-1,https://emoji.slack-edge.com/T0XNJNF35/icanrelate/3a5b3ca629447b23.png
im-back-goggins,-1,https://emoji.slack-edge.com/T0XNJNF35/im-back-goggins/c6979ed639a8e839.gif
inquisition,-1,https://emoji.slack-edge.com/T0XNJNF35/inquisition/53be8cb1cb48ef50.png
isitme,-1,https://emoji.slack-edge.com/T0XNJNF35/isitme/4d61ebcdf1bf1eca.png
itme,2,https://emoji.slack-edge.com/T0XNJNF35/itme/d23da17aac4b9bb0.png
jack-yes,55,https://emoji.slack-edge.com/T0XNJNF35/jack-yes/6d1ceb6efe98d71b.gif
jackie-chan,-1,https://emoji.slack-edge.com/T0XNJNF35/jackie-chan/011f2663e5144f46.png
jammin-cheese,-1,https://emoji.slack-edge.com/T0XNJNF35/jammin-cheese/e5d6623715d3ca7f.gif
javert,-1,https://emoji.slack-edge.com/T0XNJNF35/javert/cc42dd4a53573c59.gif
jeb,-1,https://emoji.slack-edge.com/T0XNJNF35/jeb/c888ab27235dff66.png
jellyfish,-1,https://emoji.slack-edge.com/T0XNJNF35/jellyfish/691bea6f3f205d4a.png
jesus-on-a-bike,-1,https://emoji.slack-edge.com/T0XNJNF35/jesus-on-a-bike/725743c291ae7608.png
jim-camera-stare,-1,https://emoji.slack-edge.com/T0XNJNF35/jim-camera-stare/cc42dd4a53573c59.gif
joint-time,1,https://emoji.slack-edge.com/T0XNJNF35/joint-time/a93fa776bb6f6b3a.gif
jordan,-1,https://emoji.slack-edge.com/T0XNJNF35/jordan/9bf1139cf070bbb4.png
judoflip,1,https://emoji.slack-edge.com/T0XNJNF35/judoflip/6bf8f95dced436ec.png
jung,-1,https://emoji.slack-edge.com/T0XNJNF35/jung/36d09a7bce382698.png
just-so,7,https://emoji.slack-edge.com/T0XNJNF35/just-so/e53c6b04b223007e.png
just_stfu_please,-1,https://emoji.slack-edge.com/T0XNJNF35/just_stfu_please/a4b1b9fb9c736139.png
kali,-1,https://emoji.slack-edge.com/T0XNJNF35/kali/4c15a2f410552abd.png
kappa,20,https://emoji.slack-edge.com/T0XNJNF35/kappa/aa5e79321f782bb0.png
kekl,1,https://emoji.slack-edge.com/T0XNJNF35/kekl/05fe635d04d088a6.png
kekleo,70,https://emoji.slack-edge.com/T0XNJNF35/kekleo/6dab22b1a820caf9.png
keknic,10,https://emoji.slack-edge.com/T0XNJNF35/keknic/a9d05d225ac4ae91.png
kekw,240,https://emoji.slack-edge.com/T0XNJNF35/kekw/67f939d3e4ecf515.png
kekw-xmas,2,https://emoji.slack-edge.com/T0XNJNF35/kekw-xmas/d92e8990897d2772.png
kermit-the-tea,6,https://emoji.slack-edge.com/T0XNJNF35/kermit-the-tea/9b574a3f216727c2.png
keyboardcat,-1,https://emoji.slack-edge.com/T0XNJNF35/typing/6be9c931c832a5fe.gif
kid-drop-off,-1,https://emoji.slack-edge.com/T0XNJNF35/kid-drop-off/5244cdb546369723.png
kids,-1,https://emoji.slack-edge.com/T0XNJNF35/kids/ead4780f40a0ac6d.png
kim-jong,-1,https://emoji.slack-edge.com/T0XNJNF35/kim-jong/fe8f35880e7a18ca.png
kingw,10,https://emoji.slack-edge.com/T0XNJNF35/kingw/6036e68f36890ada.png
kirby,1,https://emoji.slack-edge.com/T0XNJNF35/kirby/6dc88d5cb7636b06.gif
kirbystop,-1,https://emoji.slack-edge.com/T0XNJNF35/kirbystop/515d8a350bf3982a.png
kittypls,1,https://emoji.slack-edge.com/T0XNJNF35/kittypls/569f9bfc39df35c4.gif
kkomrade,-1,https://emoji.slack-edge.com/T0XNJNF35/kkomrade/0d7b48be4a1d236f.png
kkona,2,https://emoji.slack-edge.com/T0XNJNF35/kkona/908bffb968bb30c2.png
knuckles,1,https://emoji.slack-edge.com/T0XNJNF35/knuckles/859d209281093edb.png
kombucha-girl-no,-1,https://emoji.slack-edge.com/T0XNJNF35/kombucha-girl-no/cc42dd4a53573c59.png
kombucha-girl-well,-1,https://emoji.slack-edge.com/T0XNJNF35/kombucha-girl-well/72c7d14544d73b56.png
krisnamurti,-1,https://emoji.slack-edge.com/T0XNJNF35/krisnamurti/69f4a97031b1c448.png
laughing-hard,-1,https://emoji.slack-edge.com/T0XNJNF35/laughing-hard/4489359d420c518f.jpg
leo-cheers,1,https://emoji.slack-edge.com/T0XNJNF35/leo-cheers/c8c5d4220794f5b3.png
lightbulb,1,https://a.slack-edge.com/production-standard-emoji-assets/14.0/apple-large/1f4a1.png
lightsaber,-1,https://emoji.slack-edge.com/T0XNJNF35/lightsaber/f878c94bbfa3c6fa.png
likebutton,-1,https://emoji.slack-edge.com/T0XNJNF35/likebutton/515d8a350bf3982a.gif
lily,-1,https://emoji.slack-edge.com/T0XNJNF35/lily/2c12f09ff88367bf.png
loading,2,https://emoji.slack-edge.com/T0XNJNF35/loading/04653bcf4283ec73.gif
lol100,-1,https://emoji.slack-edge.com/T0XNJNF35/lol100/722e3629748efd54.png
love,18,https://emoji.slack-edge.com/T0XNJNF35/love/71cbafd5343811da.gif
luigi,-1,https://emoji.slack-edge.com/T0XNJNF35/luigi/1b782e54506d055c.png
lul,35,https://emoji.slack-edge.com/T0XNJNF35/lul/50221d92a5555efb.png
lulw-xmas,2,https://emoji.slack-edge.com/T0XNJNF35/lulw-xmas/607f5fba9e6e907f.png
lumbergh,-1,https://emoji.slack-edge.com/T0XNJNF35/lumbergh/858c970cc2642c8a.png
mario,3,https://emoji.slack-edge.com/T0XNJNF35/mario/2ab5cfeb9d7670b4.gif
mark5,-1,https://emoji.slack-edge.com/T0XNJNF35/mark5/5aff99e7ceb01625.png
matrix,2,https://emoji.slack-edge.com/T0XNJNF35/matrix/a4d84a845cf8d568.gif
maybe,1,https://emoji.slack-edge.com/T0XNJNF35/maybe/5e32fa2ee071f714.gif
mckenna,-1,https://emoji.slack-edge.com/T0XNJNF35/terence/2575b2acffb0a5af.png
mcmahon-wow,1,https://emoji.slack-edge.com/T0XNJNF35/mcmahon-wow/a201a0355fc91a0f.png
meatball1,-1,https://emoji.slack-edge.com/T0XNJNF35/meatball1/3b95905ab564472b.png
meatball2,-1,https://emoji.slack-edge.com/T0XNJNF35/meatball2/089d4cb4ece81536.png
meatball5,-1,https://emoji.slack-edge.com/T0XNJNF35/meatball5/3b58487a798c48f6.png
med-float,6,https://emoji.slack-edge.com/T0XNJNF35/med-float/116479f9b3c0e3ad.gif
meditation-rocks,-1,https://emoji.slack-edge.com/T0XNJNF35/meditation-rocks/258b450bb599ea45.png
meow-no-u,-1,https://emoji.slack-edge.com/T0XNJNF35/meow-no-u/2ac6e678acc1a384.png
meow-popcorn,-1,https://emoji.slack-edge.com/T0XNJNF35/meow-popcorn/e7c8cbf38dafcd30.gif
merry-xmas-cat,-1,https://emoji.slack-edge.com/T0XNJNF35/merry-xmas-cat/993a1285fb58f965.png
message-in-a-bottle,-1,https://emoji.slack-edge.com/T0XNJNF35/message-in-a-bottle/5cdc9584237ddfa2.png
mic-drop,-1,https://emoji.slack-edge.com/T0XNJNF35/mic-drop/72c7d14544d73b56.gif
minecraft,-1,https://emoji.slack-edge.com/T0XNJNF35/minecraft/082cd00c902b9378.gif
minecraft-heart,-1,https://emoji.slack-edge.com/T0XNJNF35/minecraft-heart/d53a0dee4ed87d06.png
minecraft-pig,-1,https://emoji.slack-edge.com/T0XNJNF35/minecraft-pig/88d19eaffa7ba4fb.gif
minion,-1,https://emoji.slack-edge.com/T0XNJNF35/minion/5479f44642430b03.gif
mj-popcorn,-1,https://emoji.slack-edge.com/T0XNJNF35/mj-popcorn/2cad232f1d139d77.gif
monkachrist,7,https://emoji.slack-edge.com/T0XNJNF35/monkachrist/dd062f37977acf39.png
monkaeyes,-1,https://emoji.slack-edge.com/T0XNJNF35/monkaeyes/854c3626cc344410.png
monkagiga,-1,https://emoji.slack-edge.com/T0XNJNF35/monkagiga/0ba3e1b9672aea36.png
monkahmm,44,https://emoji.slack-edge.com/T0XNJNF35/monkahmm/f08717f856396bfd.png
monkas,9,https://emoji.slack-edge.com/T0XNJNF35/monkas/28fdc2de4585b4a4.png
monkas-xmas,-1,https://emoji.slack-edge.com/T0XNJNF35/monkas-xmas/229e8fea01ca1a7b.png
monkashake,5,https://emoji.slack-edge.com/T0XNJNF35/monkashake/76ad188016184a73.gif
monkastop,5,https://emoji.slack-edge.com/T0XNJNF35/monkastop/9b468b29004ebb86.png
monkaw,2,https://emoji.slack-edge.com/T0XNJNF35/monkaw/0f4209e9c9ab02c4.png
mood,-1,https://emoji.slack-edge.com/T0XNJNF35/mood/a6bf4f0baff62fc8.png
mushroom-cloud,-1,https://emoji.slack-edge.com/T0XNJNF35/mushroom-cloud/8a36b79bf0cf437a.gif
nani,2,https://emoji.slack-edge.com/T0XNJNF35/nani/e6924d1f1dd4b887.png
nicegif,1,https://emoji.slack-edge.com/T0XNJNF35/nicegif/722e3629748efd54.gif
nietzsche,-1,https://emoji.slack-edge.com/T0XNJNF35/nietzsche/0b8e6feed61bcc25.png
no,1,https://emoji.slack-edge.com/T0XNJNF35/no/a8915b9fa2939ba7.png
no-100,-1,https://emoji.slack-edge.com/T0XNJNF35/no-100/2e046768dcbed0f3.png
no-malarkey-biden,-1,https://emoji.slack-edge.com/T0XNJNF35/no-malarkey-biden/e49aa241dcf1e985.png
no-no,-1,https://emoji.slack-edge.com/T0XNJNF35/no-no/4a042210419f1428.gif
no-not-in-my-house,-1,https://emoji.slack-edge.com/T0XNJNF35/no-not-in-my-house/c51d949a17655886.gif
nod,-1,https://emoji.slack-edge.com/T0XNJNF35/nod/1c315f5924cccf2e.png
nodders,3,https://emoji.slack-edge.com/T0XNJNF35/nodders/e41228793b52ce13.gif
noice,-1,https://emoji.slack-edge.com/T0XNJNF35/noice/5c3e4436653c19df.gif
nopers,2,https://emoji.slack-edge.com/T0XNJNF35/nopers/6ba48fc027cafcf6.gif
noted,1,https://emoji.slack-edge.com/T0XNJNF35/noted/88ae0657e7c9367d.gif
nothanks,1,https://emoji.slack-edge.com/T0XNJNF35/nothanks/37e71501c0f1bb89.png
nothingtoseehere,-1,https://emoji.slack-edge.com/T0XNJNF35/nothingtoseehere/20ed0a5f7455d1fa.gif
notlikethis,9,https://emoji.slack-edge.com/T0XNJNF35/notlikethis/050d39a8c6d5dbb3.png
noucheer,-1,https://emoji.slack-edge.com/T0XNJNF35/noucheer/e206d426c65fb930.gif
np,-1,https://emoji.slack-edge.com/T0XNJNF35/np/08ad471776d84f94.gif
nugget,-1,https://emoji.slack-edge.com/T0XNJNF35/nugget/5d69d47ba930e440.png
nyanlove,11,https://emoji.slack-edge.com/T0XNJNF35/nyanlove/e206d426c65fb930.gif
obama-mic-drop,-1,https://emoji.slack-edge.com/T0XNJNF35/obama-mic-drop/8a0f7bcf82f7c776.gif
objection,-1,https://emoji.slack-edge.com/T0XNJNF35/objection/8a0f7bcf82f7c776.png
obsidian,1,https://emoji.slack-edge.com/T0XNJNF35/obsidian/8545fef1320b179b.png
oh-snap,2,https://emoji.slack-edge.com/T0XNJNF35/oh-snap/86b54367bd1ddcb0.gif
oh-yeah-intensifies,-1,https://emoji.slack-edge.com/T0XNJNF35/oh-yeah-intensifies/381f9a97bb8f2bc2.gif
old-man-yelling-at-cloud,-1,https://emoji.slack-edge.com/T0XNJNF35/old-man-yelling-at-cloud/ebbae8de85c35ffc.png
omega-dance,2,https://emoji.slack-edge.com/T0XNJNF35/omega-dance/76826c8e834b4f09.gif
omg,1,https://emoji.slack-edge.com/T0XNJNF35/omg/45c46bb4e7184e5b.gif
onlypain,6,https://emoji.slack-edge.com/T0XNJNF35/onlypain/ae3b459ad6563080.png
oof,13,https://emoji.slack-edge.com/T0XNJNF35/oof/6787053e1e3200f2.png
ooo,-1,https://emoji.slack-edge.com/T0XNJNF35/ooo/5244cdb546369723.png
open_eye_crying_laughing,8,https://emoji.slack-edge.com/T0XNJNF35/open_eye_crying_laughing/9dba2cba45e7a846.png
otherway,1,https://emoji.slack-edge.com/T0XNJNF35/otherway/de81a032fd2c623c.png
ouroboros,9,https://emoji.slack-edge.com/T0XNJNF35/ouroboros/f432bba03202c6dd.png
outrun,-1,https://emoji.slack-edge.com/T0XNJNF35/outrun/58d852dd334cdd8f.png
padme,-1,https://emoji.slack-edge.com/T0XNJNF35/padme/381f9a97bb8f2bc2.png
palpatinew,2,https://emoji.slack-edge.com/T0XNJNF35/palpatinew/80c91635eac37913.png
party-cow2,5,https://emoji.slack-edge.com/T0XNJNF35/party-cow2/0621e82954962230.png
party-heartbeat,3,https://emoji.slack-edge.com/T0XNJNF35/party-heartbeat/3006f7c3d66bde4f.png
partyparrot,-1,https://emoji.slack-edge.com/T0XNJNF35/partyparrot/d7708d918d48694b.gif
peaceout,2,https://emoji.slack-edge.com/T0XNJNF35/peaceout/c50323c914a8660a.gif
peedrops,-1,https://emoji.slack-edge.com/T0XNJNF35/peedrops/eedb68cd9e6e961e.png
peepo-blush-xmas,1,https://emoji.slack-edge.com/T0XNJNF35/peepo-blush-xmas/a5680f94bb130cf0.png
peepo-comfy,3,https://emoji.slack-edge.com/T0XNJNF35/peepo-comfy/6359358b5d515856.gif
peepo-dj,4,https://emoji.slack-edge.com/T0XNJNF35/peepo-dj/170fd099d1d764f7.gif
peepo-happier,-1,https://emoji.slack-edge.com/T0XNJNF35/peepo-happier/8382b15d51949e57.gif
peepo-juice,-1,https://emoji.slack-edge.com/T0XNJNF35/peepo-juice/b20250cdb523771a.gif
peepo-love-xmas,1,https://emoji.slack-edge.com/T0XNJNF35/peepo-love-xmas/4a7b53676a639e9f.png
peepo-mod-alert,3,https://emoji.slack-edge.com/T0XNJNF35/peepo-mod-alert/2bad2880c7d05963.png
peepo-run,-1,https://emoji.slack-edge.com/T0XNJNF35/peepo-run/6b55bafd5a403e8c.gif
peepo-tantrum,1,https://emoji.slack-edge.com/T0XNJNF35/peepo-tantrum/820883302df3fd7a.gif
peepo-xmas,1,https://emoji.slack-edge.com/T0XNJNF35/peepo-xmas/b53af58cc511a4a1.png
peepoarrive,10,https://emoji.slack-edge.com/T0XNJNF35/peepoarrive/b272c36681fdba84.gif
peepoblanket-xmas,-1,https://emoji.slack-edge.com/T0XNJNF35/peepoblanket-xmas/e1d90f7dd36e47d0.png
peepoblonket,20,https://emoji.slack-edge.com/T0XNJNF35/peepoblonket/80c91635eac37913.png
peepoblush,2,https://emoji.slack-edge.com/T0XNJNF35/peepoblush/f905400bfbd837cf.png
peepobye,1,https://emoji.slack-edge.com/T0XNJNF35/peepobye/cd4543abd8c2c63b.gif
peepoclap,15,https://emoji.slack-edge.com/T0XNJNF35/peepoclap/01c44e6ea5ba317d.gif
peepogiggles,19,https://emoji.slack-edge.com/T0XNJNF35/peepogiggles/b640526e4b30a07c.gif
peepohax,5,https://emoji.slack-edge.com/T0XNJNF35/peepohax/2cd085d8f6b170af.gif
peepoheart,7,https://emoji.slack-edge.com/T0XNJNF35/peepoheart/07e57c3906a5bbcc.png
peepohey,3,https://emoji.slack-edge.com/T0XNJNF35/peepohey/fde366c83d134efe.gif
peepohypers,1,https://emoji.slack-edge.com/T0XNJNF35/peepohypers/fa86eae9956ebdd6.gif
peepoleave,16,https://emoji.slack-edge.com/T0XNJNF35/peepoleave/b272c36681fdba84.gif
peeponote,4,https://emoji.slack-edge.com/T0XNJNF35/peeponote/e8fdeed81bbe7df2.gif
peepopizza,7,https://emoji.slack-edge.com/T0XNJNF35/peepopizza/876f7723c382fd3a.gif
peepopoopoo,9,https://emoji.slack-edge.com/T0XNJNF35/peepopoopoo/0b51723f4d0d365e.gif
peeporiot,13,https://emoji.slack-edge.com/T0XNJNF35/peeporiot/09305f30561e0814.gif
peeposhy,3,https://emoji.slack-edge.com/T0XNJNF35/peeposhy/2dc628cce1efb53e.gif
peeposmash,1,https://emoji.slack-edge.com/T0XNJNF35/peeposmash/5574381c566c6e6c.gif
peepousa,-1,https://emoji.slack-edge.com/T0XNJNF35/peepousa/598e5492528f3d68.gif
penguin-dance,6,https://emoji.slack-edge.com/T0XNJNF35/penguin-dance/0b54f9ee13c0c062.gif
pensive-animated,-1,https://emoji.slack-edge.com/T0XNJNF35/pensive-animated/0c8c6dbaa79ee796.gif
pensive-cowboy,-1,https://emoji.slack-edge.com/T0XNJNF35/pensive-cowboy/bbe323312b5d45aa.png
pepe-cheers,-1,https://emoji.slack-edge.com/T0XNJNF35/pepe-cheers/2b1cebab63f60602.gif
pepe-cute-xmas,-1,https://emoji.slack-edge.com/T0XNJNF35/pepe-cute-xmas/1190255d98ae2953.png
pepe-feels-bad-hug,-1,https://emoji.slack-edge.com/T0XNJNF35/feelsbad-hug/b8093af0ae9f9a28.png
pepe-feels-bad-man,-1,https://emoji.slack-edge.com/T0XNJNF35/feelsbadman/d943297286d1e894.png
pepe-feels-dad-man,-1,https://emoji.slack-edge.com/T0XNJNF35/feelsfatherman/35f477a364b83683.png
pepe-feels-good-man,-1,https://emoji.slack-edge.com/T0XNJNF35/feelsgoodman/641f7f28f88ec568.png
pepe-feels-high-man,-1,https://emoji.slack-edge.com/T0XNJNF35/feelshighman/b6fd70b52358df8f.gif
pepe-feels-rain-man,-1,https://emoji.slack-edge.com/T0XNJNF35/feelsrainman/82782ec4ad48e739.gif
pepe-feels-strong-man,-1,https://emoji.slack-edge.com/T0XNJNF35/feelsstrongman/5093079348e03b0f.png
pepe-feels-xmas-man,-1,https://emoji.slack-edge.com/T0XNJNF35/feels-xmas-man/89d266e947be99e3.png
pepe-furry,2,https://emoji.slack-edge.com/T0XNJNF35/pepe-furry/15a878eece07e474.png
pepe-get-in,-1,https://emoji.slack-edge.com/T0XNJNF35/pepe-get-in/6be4530ae11b37f3.png
pepe-gimme,-1,https://emoji.slack-edge.com/T0XNJNF35/pepe-gimme/3c734e6edb81be98.png
pepe-kekw-but-sad,36,https://emoji.slack-edge.com/T0XNJNF35/pepe-kekw-but-sad/d69ffb1574647ad8.png
pepe-pray,3,https://emoji.slack-edge.com/T0XNJNF35/pepe-pray/b1caf37275200304.png
pepe-punch,1,https://emoji.slack-edge.com/T0XNJNF35/pepe-punch/9a40e17b67bc37df.png
pepe-run,4,https://emoji.slack-edge.com/T0XNJNF35/pepe-run/d441822337a00f11.gif
pepe-sleep,1,https://emoji.slack-edge.com/T0XNJNF35/pepe-sleep/c687780aaec0f6e8.png
pepe-sleepdge,9,https://emoji.slack-edge.com/T0XNJNF35/pepe-sleepdge/18682e343c09be7a.png
pepe-snow-xmas,1,https://emoji.slack-edge.com/T0XNJNF35/pepe-snow-xmas/2213aa73963a33b3.gif
pepe-sway,1,https://emoji.slack-edge.com/T0XNJNF35/pepe-sway/689ac24cee1db812.gif
pepe-take-my-money,1,https://emoji.slack-edge.com/T0XNJNF35/pepe-take-my-money/d852c75b66f33563.gif
pepe-yikes,2,https://emoji.slack-edge.com/T0XNJNF35/pepe-yikes/ce35dbd2efe72b13.png
pepecd,-1,https://emoji.slack-edge.com/T0XNJNF35/pepecd/19366dbc129ce5a6.gif
pepecoffee,8,https://emoji.slack-edge.com/T0XNJNF35/pepecoffee/cc7bf162c3137a74.png
pepecool,-1,https://emoji.slack-edge.com/T0XNJNF35/pepecool/bbe323312b5d45aa.png
peped,5,https://emoji.slack-edge.com/T0XNJNF35/peped/1f60864fbaf00bca.gif
pepedance,1,https://emoji.slack-edge.com/T0XNJNF35/pepedance/3e5aac3a4528c03b.gif
pepedank,2,https://emoji.slack-edge.com/T0XNJNF35/pepedank/9254b3b14f034051.gif
pepeds,1,https://emoji.slack-edge.com/T0XNJNF35/pepeds/c60322312d8fb6d2.gif
pepega,4,https://emoji.slack-edge.com/T0XNJNF35/pepega/0da3a4c8469b6d6e.png
pepehands,24,https://emoji.slack-edge.com/T0XNJNF35/pepehands/79d8ec28d28f3f67.png
pepeinteresting,6,https://emoji.slack-edge.com/T0XNJNF35/pepeinteresting/8295f6aaf9030bdd.png
pepejam,3,https://emoji.slack-edge.com/T0XNJNF35/pepejam/ba5aef9f07297acc.gif
pepejedi,15,https://emoji.slack-edge.com/T0XNJNF35/pepejedi/65eb2f796edbea79.gif
pepelaugh,46,https://emoji.slack-edge.com/T0XNJNF35/pepelaugh/f55de0c356a48669.gif
pepelaugh-xmas,1,https://emoji.slack-edge.com/T0XNJNF35/pepelaugh-xmas/592326fabe51e259.gif
pepemeltdown,12,https://emoji.slack-edge.com/T0XNJNF35/pepemeltdown/ff466b78fe36a3c0.gif
pepeno,-1,https://emoji.slack-edge.com/T0XNJNF35/pepeno/5004048dfdbd81b4.png
pepenodders,-1,https://emoji.slack-edge.com/T0XNJNF35/pepenodders/a499d22894ba7a7c.gif
pepenoted,-1,https://emoji.slack-edge.com/T0XNJNF35/pepenoted/abbe83f8b6b522fa.png
pepepopcorn,1,https://emoji.slack-edge.com/T0XNJNF35/pepepopcorn/f0103859de3eff2d.gif
pepper,12,https://emoji.slack-edge.com/T0XNJNF35/pepper/16fa7eb37af11717.gif
peter-kingsley,8,https://emoji.slack-edge.com/T0XNJNF35/peter-kingsley/c8c8255907fe5f3e.jpg
pewpewcat,5,https://emoji.slack-edge.com/T0XNJNF35/pewpewcat/7facade8d8e2c045.gif
pharrell,-1,https://emoji.slack-edge.com/T0XNJNF35/pharrell/7a1de23354fafd99.jpg
pikachu,8,https://emoji.slack-edge.com/T0XNJNF35/pikachu/353947c6a5bfcd59.png
pirate,8,https://emoji.slack-edge.com/T0XNJNF35/pirate/8cde5b09a82033eb.png
pleaseno,4,https://emoji.slack-edge.com/T0XNJNF35/pleaseno/26212c38ef289092.png
plus1,1,https://emoji.slack-edge.com/T0XNJNF35/plus1/b6ee852b98af0754.png
pog,1,https://emoji.slack-edge.com/T0XNJNF35/pog/34875770d7ae6e91.png
pogchamp,4,https://emoji.slack-edge.com/T0XNJNF35/pogchamp/8cb8ce1d4aeeeef1.png
poggers,12,https://emoji.slack-edge.com/T0XNJNF35/poggers/2e25335f7a7884a0.png
poggies-peepo,-1,https://emoji.slack-edge.com/T0XNJNF35/poggies-peepo/1127f3c34f36bd3a.png
pogo,-1,https://emoji.slack-edge.com/T0XNJNF35/pogo/a423a8617c166128.png
police,1,https://emoji.slack-edge.com/T0XNJNF35/police/3997f4782911a7ac.gif
pomo,-1,https://emoji.slack-edge.com/T0XNJNF35/pomo/2b851e5436f2f07d.png
popcat,7,https://emoji.slack-edge.com/T0XNJNF35/popcat/e3fe0ee8b70d7009.gif
potato_hearteyes,-1,https://emoji.slack-edge.com/T0XNJNF35/potato_hearteyes/9a7b1acfae1e7768.jpg
pppoof,-1,https://emoji.slack-edge.com/T0XNJNF35/pppoof/7c38ca01506503de.gif
psst,2,https://emoji.slack-edge.com/T0XNJNF35/psst/27a7c7c6d6ce5d04.png
pto,-1,https://emoji.slack-edge.com/T0XNJNF35/pto/5244cdb546369723.png
pundog,-1,https://emoji.slack-edge.com/T0XNJNF35/pundog/f541ed5d39ba4b39.png
purplewatts,5,https://emoji.slack-edge.com/T0XNJNF35/purplewatts/85561c3eabf2856e.png
putin,-1,https://emoji.slack-edge.com/T0XNJNF35/putin/f0103859de3eff2d.jpg
puzzleheart,-1,https://emoji.slack-edge.com/T0XNJNF35/puzzleheart/2950dda230563c92.png
qanon2,-1,https://emoji.slack-edge.com/T0XNJNF35/qanon2/3d7306b8c3fd3e27.png
rainbowcat,5,https://emoji.slack-edge.com/T0XNJNF35/rainbowcat/569f9bfc39df35c4.gif
rainbowkitty,1,https://emoji.slack-edge.com/T0XNJNF35/rainbowkitty/f506d394355bc779.gif
raredolphin,6,https://emoji.slack-edge.com/T0XNJNF35/raredolphin/578ec784c2d0e7be.gif
raygun,1,https://emoji.slack-edge.com/T0XNJNF35/raygun/933ee835195102c2.png
realestate,-1,https://emoji.slack-edge.com/T0XNJNF35/realestate/0da56da1ec8edc24.jpg
really,1,https://emoji.slack-edge.com/T0XNJNF35/really/f0103859de3eff2d.png
red-hearts,1,https://emoji.slack-edge.com/T0XNJNF35/red-hearts/9ee4aea2a2179028.gif
red-pill,-1,https://emoji.slack-edge.com/T0XNJNF35/red-pill/7da11c92a4ecc114.gif
red_pill,-1,https://emoji.slack-edge.com/T0XNJNF35/red_pill/7ac2ec5eb4f3f583.png
relatable,-1,https://emoji.slack-edge.com/T0XNJNF35/relatable/8d0405fd547a98cc.png
residentsleeper,-1,https://emoji.slack-edge.com/T0XNJNF35/residentsleeper/dba53ebaffd13fcf.png
retropepethink,2,https://emoji.slack-edge.com/T0XNJNF35/retropepethink/9ee4aea2a2179028.png
ricardoflick,-1,https://emoji.slack-edge.com/T0XNJNF35/ricardoflick/b628fab6bf320441.gif
rickroll,-1,https://emoji.slack-edge.com/T0XNJNF35/rickroll/3ef9f2c9f2b36415.png
riflegun,1,https://emoji.slack-edge.com/T0XNJNF35/riflegun/13a33aeba1ebec8a.png
rip100,-1,https://emoji.slack-edge.com/T0XNJNF35/rip100/9ee4aea2a2179028.png
roam,3,https://emoji.slack-edge.com/T0XNJNF35/roam/93293d4a0394ef77.png
rocket-heart,12,https://emoji.slack-edge.com/T0XNJNF35/rocket-heart/d588908ffb94671a.png
rubberduck,-1,https://emoji.slack-edge.com/T0XNJNF35/rubberduck/b758d7c8115f9019.png
rude,1,https://emoji.slack-edge.com/T0XNJNF35/rude/de08903d2ac9cf3e.png
sadge-xmas,-1,https://emoji.slack-edge.com/T0XNJNF35/sadge-xmas/3ad4a6da5aea4af7.png
sadgecry,5,https://emoji.slack-edge.com/T0XNJNF35/sadgecry/578ec784c2d0e7be.gif
sadgery,2,https://emoji.slack-edge.com/T0XNJNF35/sadgery/d91830becfec300e.png
sadkek,10,https://emoji.slack-edge.com/T0XNJNF35/sadkek/c6befd804b17f80f.png
sadmario,-1,https://emoji.slack-edge.com/T0XNJNF35/sadmario/ae3e1c315176f1c1.png
same,4,https://emoji.slack-edge.com/T0XNJNF35/same/ecab3a291d98d107.png
sasuke-stare,-1,https://emoji.slack-edge.com/T0XNJNF35/sasuke-stare/18ae274c972f1c9d.gif
scrambled-thinking,-1,https://emoji.slack-edge.com/T0XNJNF35/thinking-stupid/6c25da641e2a6438.png
self-care,-1,https://emoji.slack-edge.com/T0XNJNF35/self-care/5244cdb546369723.png
serious-sloth,2,https://emoji.slack-edge.com/T0XNJNF35/serious-sloth/3af8ff6768c0a1dc.png
shipitparrot,1,https://emoji.slack-edge.com/T0XNJNF35/shipitparrot/3dd7259f01046b50.gif
shocked,3,https://emoji.slack-edge.com/T0XNJNF35/shocked/c24b1422e7d9b996.png
shoutingseal,2,https://emoji.slack-edge.com/T0XNJNF35/shoutingseal/4aedfcb0bddfae5c.jpg
sithlightsaber,2,https://emoji.slack-edge.com/T0XNJNF35/sithlightsaber/9a53ebd54218491c.png
skinnybob,12,https://emoji.slack-edge.com/T0XNJNF35/skinnybob/b17da80497222836.png
snoop,-1,https://emoji.slack-edge.com/T0XNJNF35/snoop/90db9dc2cf2ab856.gif
sob-sunglasses,30,https://emoji.slack-edge.com/T0XNJNF35/sob-sunglasses/d333d50d9ae51a70.png
sobgif,2,https://emoji.slack-edge.com/T0XNJNF35/sobgif/9e298772af6fceb2.gif
sodasuffer,-1,https://emoji.slack-edge.com/T0XNJNF35/sodasuffer/22051ea9519e3dfe.png
sonic,-1,https://emoji.slack-edge.com/T0XNJNF35/sonic/d0a8199210f97b6c.gif
sorry,2,https://emoji.slack-edge.com/T0XNJNF35/sorry/dbfec23b3b5da832.png
sparkle_stars,6,https://emoji.slack-edge.com/T0XNJNF35/sparkle_stars/d492b5f19260a2b8.gif
spiderman,3,https://emoji.slack-edge.com/T0XNJNF35/spiderman/174e8fcbafe8e777.png
spin-heart,-1,https://emoji.slack-edge.com/T0XNJNF35/spin-heart/9e298772af6fceb2.gif
spiral,-1,https://emoji.slack-edge.com/T0XNJNF35/spiral/e50c7c0c42824b9f.png
squid-dab,-1,https://emoji.slack-edge.com/T0XNJNF35/squid-dab/54228e9183d769da.png
stallman,-1,https://emoji.slack-edge.com/T0XNJNF35/stallman/de33de72c1018fdf.png
stonks,-1,https://emoji.slack-edge.com/T0XNJNF35/stonks/389be1e802605b6c.png
surprisecat,1,https://emoji.slack-edge.com/T0XNJNF35/surprisecat/155fede289ea52fd.gif
surprised-pikachu,-1,https://emoji.slack-edge.com/T0XNJNF35/surprised-pikachu/39194fe73d1411b4.png
sus,1,https://emoji.slack-edge.com/T0XNJNF35/sus/2ba0c8650f27844d.png
sweating-intensifies,-1,https://emoji.slack-edge.com/T0XNJNF35/sweating-intensifies/4baf5749c5d512d2.gif
syrian-hamster,3,https://emoji.slack-edge.com/T0XNJNF35/syrian-hamster/b96eb03bb60bbe7b.jpg
table-flip,-1,https://emoji.slack-edge.com/T0XNJNF35/table-flip/07eb18b01d21afe4.png
tadagif,-1,https://emoji.slack-edge.com/T0XNJNF35/tadagif/9e298772af6fceb2.gif
tea-time,1,https://emoji.slack-edge.com/T0XNJNF35/tea-time/ed2a80b394b42c74.gif
ted,-1,https://emoji.slack-edge.com/T0XNJNF35/ted/3dc522a93fdcb026.png
terence,-1,https://emoji.slack-edge.com/T0XNJNF35/terence/2575b2acffb0a5af.png
thank-you,-1,https://emoji.slack-edge.com/T0XNJNF35/thank-you/b6e5a0d7f2ae623c.png
theoden,5,https://emoji.slack-edge.com/T0XNJNF35/theoden/cfe8f70dbbd5e659.png
thinking-happy,12,https://emoji.slack-edge.com/T0XNJNF35/thinking-happy/bfc4666483472fd5.png
thinking-heart,9,https://emoji.slack-edge.com/T0XNJNF35/thinking-heart/c8edab5443ca0011.png
thinking-spinning,22,https://emoji.slack-edge.com/T0XNJNF35/thinking-spinning/d1e4a1d7b2b1f681.gif
thinking-stupid,14,https://emoji.slack-edge.com/T0XNJNF35/thinking-stupid/6c25da641e2a6438.png
thinkingangry,-1,https://emoji.slack-edge.com/T0XNJNF35/thinkingangry/e7bf18b7bbeb6206.png
thinksmart,1,https://emoji.slack-edge.com/T0XNJNF35/thinksmart/2783cc12f8503ea6.png
this,-1,https://emoji.slack-edge.com/T0XNJNF35/this/d8ab8467a48e9077.png
this-is-fine,12,https://emoji.slack-edge.com/T0XNJNF35/this-is-fine/66670a3c72a3c0c7.gif
thonk,-1,https://emoji.slack-edge.com/T0XNJNF35/thonk/1cc8caba3a953a2c.png
thonk-falling,1,https://emoji.slack-edge.com/T0XNJNF35/thonk-falling/270ea156011cb8d4.gif
thonkedout,1,https://emoji.slack-edge.com/T0XNJNF35/thonkedout/e1557888d8c382a3.gif
thumbsup-all,-1,https://emoji.slack-edge.com/T0XNJNF35/thumbsup-all/153714fd7720c279.gif
til,-1,https://emoji.slack-edge.com/T0XNJNF35/til/1d839d4de61f2058.gif
time-zone-fyi,-1,https://emoji.slack-edge.com/T0XNJNF35/time-zone-fyi/5244cdb546369723.png
tinfoil,7,https://emoji.slack-edge.com/T0XNJNF35/tinfoil/82a9a37ea65ecb93.png
tired-arthur,-1,https://emoji.slack-edge.com/T0XNJNF35/tired-arthur/56fc44db056c0883.jpg
tiredcat,1,https://emoji.slack-edge.com/T0XNJNF35/tiredcat/acbac8ca766e9a23.gif
toiletpaper,-1,https://emoji.slack-edge.com/T0XNJNF35/toiletpaper/2a2677f2ce267a4d.png
tongue-out-unamused,1,https://emoji.slack-edge.com/T0XNJNF35/tongue-out-unamused/136a9a1ebd0c2b26.png
tonninseteli,-1,https://emoji.slack-edge.com/T0XNJNF35/tonninseteli/e0d5f0ceca98277d.jpg
travolta,1,https://emoji.slack-edge.com/T0XNJNF35/travolta/dba9ca83dd41fdb9.gif
treasuregoblin,1,https://emoji.slack-edge.com/T0XNJNF35/treasuregoblin/04929ca19deb34ba.gif
treatyoself,-1,https://emoji.slack-edge.com/T0XNJNF35/treatyoself/e7bf18b7bbeb6206.gif
trippypepe,1,https://emoji.slack-edge.com/T0XNJNF35/trippypepe/922e195c2e9937c0.gif
trolldance,-1,https://emoji.slack-edge.com/T0XNJNF35/trolldance/2783cc12f8503ea6.gif
trollfaceusa,-1,https://emoji.slack-edge.com/T0XNJNF35/trollfaceusa/5c4ca3c75b310e34.png
trump,-1,https://emoji.slack-edge.com/T0XNJNF35/trump/389be1e802605b6c.png
trumpw,2,https://emoji.slack-edge.com/T0XNJNF35/trumpw/0cc927da4fd53197.png
turtle-animated,-1,https://emoji.slack-edge.com/T0XNJNF35/turtle-animated/338495e432d35049.gif
turtlehearts,1,https://emoji.slack-edge.com/T0XNJNF35/turtlehearts/578cf71eb1a4dab1.png
two-buttons,-1,https://emoji.slack-edge.com/T0XNJNF35/two-buttons/277fa6c37978e037.png
typing,3,https://emoji.slack-edge.com/T0XNJNF35/typing/6be9c931c832a5fe.gif
ugh,-1,https://emoji.slack-edge.com/T0XNJNF35/ugh/881b3b0b6a16af94.png
uh,1,https://emoji.slack-edge.com/T0XNJNF35/uh/f174195185573c20.png
uhh,-1,https://emoji.slack-edge.com/T0XNJNF35/uhh/7b48066aae63fe39.png
unicorndonut,-1,https://emoji.slack-edge.com/T0XNJNF35/unicorndonut/3dc937a63c289289.png
unoblue,-1,https://emoji.slack-edge.com/T0XNJNF35/unoblue/25ba1308d2fa57d7.jpg
unoreversecard,3,https://emoji.slack-edge.com/T0XNJNF35/unoreversecard/3432b321223e9382.png
upvoted,-1,https://emoji.slack-edge.com/T0XNJNF35/upvoted/9d04cb8561de1c13.png
uwu,-1,https://emoji.slack-edge.com/T0XNJNF35/uwu/62dcd5e4e1dc1a17.png
valid,-1,https://emoji.slack-edge.com/T0XNJNF35/valid/94d86b4ee4e9d959.png
verify,1,https://emoji.slack-edge.com/T0XNJNF35/verify/069af89a01be5e14.gif
void,1,https://emoji.slack-edge.com/T0XNJNF35/void/6ce668d0c8b7e1bc.png
waat,5,https://emoji.slack-edge.com/T0XNJNF35/waat/f841332e19707985.jpg
wahahallelujah2,-1,https://emoji.slack-edge.com/T0XNJNF35/wahahallelujah2/785c626212971619.png
wahallelujah,-1,https://emoji.slack-edge.com/T0XNJNF35/wahallelujah/a096883d9394a426.png
walking-the-dog,-1,https://emoji.slack-edge.com/T0XNJNF35/walking-the-dog/258b450bb599ea45.png
walrus,-1,https://emoji.slack-edge.com/T0XNJNF35/walrus/a26cf8ad23b289b8.png
waluigi,11,https://emoji.slack-edge.com/T0XNJNF35/waluigi/57546158e2ec10b5.png
wat,21,https://emoji.slack-edge.com/T0XNJNF35/wat/008102d68bf2a25e.png
waving-from-afar-left,-1,https://emoji.slack-edge.com/T0XNJNF35/waving-from-afar-left/ead4780f40a0ac6d.png
waving-from-afar-right,-1,https://emoji.slack-edge.com/T0XNJNF35/waving-from-afar-right/ead4780f40a0ac6d.png
waytoodank,3,https://emoji.slack-edge.com/T0XNJNF35/waytoodank/45823f0ea3c24237.gif
weehypers,4,https://emoji.slack-edge.com/T0XNJNF35/weehypers/52268c2214e1f096.gif
weirdchamp,-1,https://emoji.slack-edge.com/T0XNJNF35/weirdchamp/6b21506fe03eeec6.png
welcome,-1,https://emoji.slack-edge.com/T0XNJNF35/welcome/b5ad089746f0e18b.gif
wesmart,11,https://emoji.slack-edge.com/T0XNJNF35/wesmart/0cc927da4fd53197.png
whatisthisthing,-1,https://emoji.slack-edge.com/T0XNJNF35/whatisthisthing/bb22e3d38b75443b.png
why,-1,https://emoji.slack-edge.com/T0XNJNF35/why/79f9ad887dba3595.png
wide-peepo-xmas,-1,https://emoji.slack-edge.com/T0XNJNF35/wide-peepo-xmas/79cd1f815cf24be5.png
widepeepoblanket,2,https://emoji.slack-edge.com/T0XNJNF35/widepeepoblanket/40789f090feea8c8.png
witt,-1,https://emoji.slack-edge.com/T0XNJNF35/witt/67f1fbe9047ed8c5.png
woah,-1,https://emoji.slack-edge.com/T0XNJNF35/woah/41f3f289ea67ff40.gif
woah-keanu,-1,https://emoji.slack-edge.com/T0XNJNF35/woah-keanu/cc6c8f83997a9254.gif
wokege,1,https://emoji.slack-edge.com/T0XNJNF35/wokege/b49ef97d1bf3b5e7.png
working-from-coffee-shop,-1,https://emoji.slack-edge.com/T0XNJNF35/working-from-coffee-shop/5244cdb546369723.png
working-from-home,-1,https://emoji.slack-edge.com/T0XNJNF35/working-from-home/5244cdb546369723.png
working-in-office,-1,https://emoji.slack-edge.com/T0XNJNF35/working-in-office/e6b625181a9a9f39.png
wow,-1,https://emoji.slack-edge.com/T0XNJNF35/wow/0937f01d0101d0ab.gif
wtfff,-1,https://emoji.slack-edge.com/T0XNJNF35/wtfff/114e41868f909ebf.png
wutfacew,-1,https://emoji.slack-edge.com/T0XNJNF35/wutfacew/97b8a4892f0ab973.png
xmas-balls,1,https://emoji.slack-edge.com/T0XNJNF35/xmas-balls/f3efd40d5e117ee8.png
xzibit,-1,https://emoji.slack-edge.com/T0XNJNF35/xzibit/b17a4917c6df5968.png
yell-at-cloud,3,https://emoji.slack-edge.com/T0XNJNF35/yell-at-cloud/32f924092bdb7769.gif
yepp,4,https://emoji.slack-edge.com/T0XNJNF35/yepp/b395938e90d40596.png
yes,4,https://emoji.slack-edge.com/T0XNJNF35/yes/d6db76fa748c4911.png
yes-party,5,https://emoji.slack-edge.com/T0XNJNF35/yes-party/70535dc8184061c2.gif
yes2,-1,https://emoji.slack-edge.com/T0XNJNF35/yes2/a9c8520464f06edb.png
yikes,1,https://emoji.slack-edge.com/T0XNJNF35/yikes/f68c414bbeffac59.gif
yikes2,1,https://emoji.slack-edge.com/T0XNJNF35/yikes2/38fcab52ba870c9d.png
yikes3,4,https://emoji.slack-edge.com/T0XNJNF35/yikes3/27019a3b2906d7c2.gif
yinyang,4,https://emoji.slack-edge.com/T0XNJNF35/yinyang/bdff2479a8e10b27.png
yinyangheart,-1,https://emoji.slack-edge.com/T0XNJNF35/yinyangheart/376381369f50a76d.png
yoshi,-1,https://emoji.slack-edge.com/T0XNJNF35/yoshi/12f9e03b504cf4f2.gif
youtried,1,https://emoji.slack-edge.com/T0XNJNF35/youtried/d32a55eb10e0c3f2.png
zelda,-1,https://emoji.slack-edge.com/T0XNJNF35/zelda/7501322679ef7160.gif
zelda86,-1,https://emoji.slack-edge.com/T0XNJNF35/zelda86/85ccead90382509f.png
zenenso,-1,https://emoji.slack-edge.com/T0XNJNF35/zenenso/5ae1fb50805a485d.png
zoomer,-1,https://emoji.slack-edge.com/T0XNJNF35/zoomer/e22a32bdc9465500.gif
